<?xml version="1.0" encoding="UTF-8"?>
<project-private xmlns="http://www.netbeans.org/ns/project-private/1">
    <editor-bookmarks xmlns="http://www.netbeans.org/ns/editor-bookmarks/2" lastBookmarkId="0"/>
    <open-files xmlns="http://www.netbeans.org/ns/projectui-open-files/2">
        <group>
            <file>file:/E:/AP%20FR%20NetBeans%20Projects/GroceryList/src/GroceryStore.java</file>
            <file>file:/E:/AP%20FR%20NetBeans%20Projects/GroceryList/src/GroceryItem.java</file>
            <file>file:/E:/AP%20FR%20NetBeans%20Projects/GroceryList/src/GroceryTest.java</file>
        </group>
    </open-files>
</project-private>
